<?xml version="1.0" encoding="UTF-8"?>
<extension type="component" version="3.0">
 
    <name>COM_ONEPAGE</name>
    <creationDate>01.04.2014</creationDate>
    <author>Anne Richter / Sara Schönherr</author>
    <authorEmail></authorEmail>
    <authorUrl></authorUrl>
    <copyright>Copyright Info</copyright>
    <license>Lizenz Info</license>
    <version>0.0.5</version>
    <description>COM_ONEPAGE_DESCRIPTION</description>
 
 	<!-- weiß nicht ganz wofür das gut ist -->
    <update>
        <schemas>
            <schemapath type="mysql">sql/updates/mysql</schemapath>
        </schemas>
    </update>
 
    <files folder="site">
        <filename>onepage.php</filename>
        <filename>controller.php</filename>
        <filename>index.html</filename>
        <folder>models</folder>
        <folder>views</folder>
        <folder>language</folder>
    </files>
 
    <administration>
        <menu>COM_ONEPAGE_MENU</menu>
 
        <files folder="admin">
            <folder>sql</folder>
            <folder>language</folder>
            <filename>onepage.php</filename>
        </files>
    </administration>
 
</extension>